easting_km,northing_km,structure_class,internal_type,name
360.0567,6126.7289,Salzstock,Salzdiapir,Delia
342.4613,6123.8627,Salzstock,Salzdiapir,Dorthe
331.5787,6104.4808,Salzstock,Salzdiapir,Dorothea
346.1189,6101.9503,Salzstock,Salzdiapir,Daniela
532.3702,6068.2323,Salzstock,Salzdiapir,Maasbuell
547.8070,6062.0294,Salzstock,Doppelsalinar,Sterup
533.4302,6058.8440,Salzstock,Salzdiapir,Bistoft
341.2500,6049.1828,Salzstock,Salzdiapir,Heike
536.1113,6047.9988,Salzstock,Salzdiapir,Langsee
368.5416,6004.2938,Salzstock,Salzkissen,Helga
405.4379,6002.7346,Salzstock,Doppelsalinar,Josephine
386.2237,5999.7282,Salzstock,Salzdiapir,Jette
488.7227,5991.6493,Salzstock,Doppelsalinar,Buesum
394.8722,5994.3908,Salzstock,Doppelsalinar,Johanna
801.8787,5993.2396,Salzstock,tektonische Strukturen,Moeckow
410.8991,5988.4000,Salzstock,Doppelsalinar,Justine
393.3827,5979.9129,Salzstock,Doppelsalinar,Marga
403.7853,5973.2235,Salzstock,Doppelsalinar,Mira
422.3640,5969.8270,Salzstock,Doppelsalinar,Harle Riff
389.9053,5968.9858,Salzstock,Salzdiapir,Meta
495.6033,5968.3729,Salzstock,Doppelsalinar,Neufelder Sand
571.2248,5964.9986,Salzstock,Doppelsalinar,Sievershuetten
385.1261,5963.7674,Salzstock,Salzdiapir,Monika
391.6261,5959.9127,Salzstock,Doppelsalinar,Wichter Ee
433.0029,5960.4861,Salzstock,Doppelsalinar,Wangerooge
411.6502,5959.8368,Salzstock,Doppelsalinar,Spiekeroog
401.6466,5956.6448,Salzstock,Doppelsalinar,Langeoog
546.4918,5954.2293,Salzstock,Doppelsalinar,Elmshorn
751.2807,5954.5566,Salzstock,Salzdiapir,Gielow
390.3100,5943.7171,Salzstock,Salzdiapir,Westdorf
403.3137,5939.3996,Salzstock,Salzdiapir,Barkholt
424.6768,5939.2152,Salzstock,Salzdiapir,Berdum-Jever
532.0041,5938.4635,Salzstock,Doppelsalinar,Stade
384.0909,5937.4057,Salzstock,Salzdiapir,Suederneuland
439.1225,5935.8481,Salzstock,Salzdiapir,Ruestringen
468.5551,5930.4100,Salzstock,Doppelsalinar,Dedesdorf
419.2586,5934.8638,Salzstock,Salzdiapir,Wittmund
481.6909,5932.5270,Salzstock,Doppelsalinar,Bramel
445.0305,5927.3514,Salzstock,Salzdiapir,Arngast
458.1167,5924.1817,Salzstock,Salzdiapir,Seefeld
408.0596,5926.8176,Salzstock,Salzdiapir,Brockzetel
427.1878,5923.4276,Salzstock,Salzdiapir,Etzel
532.1158,5922.8021,Salzstock,Doppelsalinar,Harsefeld
578.3518,5924.2846,Salzstock,Doppelsalinar,Reitbrook
656.5771,5921.5242,Salzstock,Salzdiapir,Kraak
378.1298,5922.3386,Salzstock,Salzdiapir,Uttum
569.0110,5919.1145,Salzstock,Doppelsalinar,Meckelfeld
559.2048,5919.7636,Salzstock,Salzdiapir,Sottorf
608.4573,5918.4877,Salzstock,Salzdiapir,Nostorf
382.5971,5917.2742,Salzstock,Salzdiapir,Emden
373.0712,5913.7131,Salzstock,Salzdiapir,Wybelsum
400.1934,5916.4729,Salzstock,Salzdiapir,Timmel
546.2322,5916.0808,Salzstock,Salzdiapir,Moisburg
410.9721,5914.8149,Salzstock,Salzdiapir,Strackholt
488.6573,5913.0307,Salzstock,Salzdiapir,Oldendorf II
661.2542,5912.8134,Salzstock,Salzdiapir,Ludwigslust
761.9957,5910.2158,Salzstock,Salzdiapir,Wesenberg
730.7081,5909.8123,Salzstock,Salzdiapir,Wredenhagen
506.2296,5902.8433,Salzstock,Salzdiapir,Breddorf
577.6225,5904.9775,Salzstock,Salzdiapir,Bahlburg
445.5267,5907.0193,Salzstock,Salzdiapir,Jaderberg
641.3237,5905.5244,Salzstock,Salzdiapir,Luebtheen
678.2069,5903.5721,Salzstock,Salzdiapir,Werle
554.5180,5907.1922,Salzstock,Salzdiapir,Sproetze
494.7169,5903.2403,Salzstock,Salzdiapir,Teufelsmoor
470.2337,5903.3796,Salzstock,Salzdiapir,Aschwarden
528.7126,5901.2751,Salzstock,Salzdiapir,Volkensen
563.2950,5900.0754,Salzstock,Salzdiapir,Toeps
593.2213,5901.0172,Salzstock,Salzdiapir,Lueneburg
748.6050,5897.4135,Salzstock,Salzdiapir,Zechlin
516.8065,5899.7668,Salzstock,Salzdiapir,Bruemmerhof
656.1931,5899.1462,Salzstock,Salzdiapir,Conow
499.1703,5897.7063,Salzstock,Salzdiapir,Adolphsdorf
606.5096,5896.6770,Salzstock,Salzdiapir kompressiv ueberpraegt,Horndorf
703.1958,5893.7136,Salzstock,Salzdiapir,Helle
637.3623,5894.3754,Salzstock,Salzdiapir,Kaarssen
460.2429,5893.3442,Salzstock,Salzdiapir kompressiv ueberpraegt,Neuenhuntorf
574.2599,5891.8729,Salzstock,Salzdiapir kompressiv ueberpraegt,Egestorf-Soderstorf
494.0243,5888.5229,Salzstock,Salzdiapir kompressiv ueberpraegt,Lilienthal
481.5409,5890.8577,Salzstock,Salzdiapir kompressiv ueberpraegt,Lesum
647.8699,5891.5550,Salzstock,Salzdiapir,Doemitz
592.2276,5889.3487,Salzstock,Salzdiapir,Kolkhagen
615.4637,5878.3150,Salzstock,Salzdiapir kompressiv ueberpraegt,Rosche-Thondorf
442.4988,5890.2362,Salzstock,Salzdiapir kompressiv ueberpraegt,Oldenburg Nordwest
636.7315,5886.7203,Salzstock,Salzdiapir,Dannenberg
766.6319,5889.0160,Salzstock,Salzdiapir,Dollgow
796.5170,5888.1188,Salzstock,Salzdiapir,Storkow
563.5978,5885.6917,Salzstock,Salzdiapir kompressiv ueberpraegt,Volkwardingen
755.8398,5883.8109,Salzstock,Salzdiapir,Zuehlen
453.0311,5884.5794,Salzstock,Salzdiapir kompressiv ueberpraegt,Oldenburg Sued
626.5517,5874.4585,Salzstock,Salzdiapir,Guelden-Braudel
541.2348,5879.9090,Salzstock,Salzdiapir kompressiv ueberpraegt,Soehlingen
745.3631,5877.8016,Salzstock,Salzdiapir,Netzeband
463.2518,5881.1279,Salzstock,Salzdiapir kompressiv ueberpraegt,Hasbruch
646.2045,5879.8551,Salzstock,Salzdiapir,Gr. Heide-Siemen
471.2719,5880.0448,Salzstock,Salzdiapir kompressiv ueberpraegt,Gruppen-Buehren
785.0358,5878.5115,Salzstock,Salzdiapir,Kleinmutz
441.5404,5875.3033,Salzstock,Salzdiapir kompressiv ueberpraegt,Sagermeer
673.6780,5874.8691,Salzstock,Salzdiapir,Aulosen
520.3794,5873.9768,Salzstock,Salzdiapir kompressiv ueberpraegt,Wedehof
556.7012,5872.5651,Salzstock,Salzdiapir kompressiv ueberpraegt,Soltau
684.3269,5871.7657,Salzstock,Salzdiapir,Wittenberge
699.0237,5871.2095,Salzstock,Salzdiapir,Bad Wilsnack
642.2264,5866.9678,Salzstock,Salzdiapir,Wustrow I
415.6125,5869.1913,Salzstock,Salzdiapir kompressiv ueberpraegt,Gehlenberg
761.9233,5868.9614,Salzstock,Salzdiapir,Wulkow
720.9180,5868.9111,Salzstock,Salzdiapir,Barenthin
576.7454,5867.0168,Salzstock,Salzdiapir,Dethlingen
783.1197,5867.5905,Salzstock,Salzdiapir,Grueneberg
595.0423,5865.5995,Salzstock,Salzdiapir kompressiv ueberpraegt,Bahnsen
544.8009,5865.2501,Salzstock,Salzdiapir kompressiv ueberpraegt,Bommelsen
515.9021,5863.0011,Salzstock,Salzdiapir kompressiv ueberpraegt,Verden
378.9098,5863.2895,Salzstock,Salzdiapir kompressiv ueberpraegt,Neusustrum
392.3348,5862.8349,Salzstock,Salzdiapir kompressiv ueberpraegt,Wahn
657.9950,5863.1565,Salzstock,Salzdiapir,Bockleben
666.8574,5863.2832,Salzstock,Salzdiapir,Arendsee
403.5081,5861.7858,Salzstock,Salzdiapir kompressiv ueberpraegt,Boerger
528.6488,5861.5558,Salzstock,Salzdiapir kompressiv ueberpraegt,Hamwiede
624.0696,5859.8372,Salzstock,tektonische Strukturen,Varbitz
510.7350,5857.5420,Salzstock,tektonische Strukturen,Eitzendorf
389.6138,5857.6449,Salzstock,Salzdiapir kompressiv ueberpraegt,Lathen
379.4954,5855.6469,Salzstock,Salzdiapir kompressiv ueberpraegt,Oberlanger Tenge
631.3938,5849.5052,Salzstock,Salzdiapir,Peckensen
746.1816,5854.6675,Salzstock,Salzdiapir,Friesack
412.9322,5854.3890,Salzstock,tektonische Strukturen,Liener-Garen
623.6611,5854.3035,Salzstock,Salzdiapir kompressiv ueberpraegt,Bonese
525.3729,5851.6128,Salzstock,Salzdiapir kompressiv ueberpraegt,Rethem
688.5252,5854.3012,Salzstock,Salzdiapir,Meseberg
655.5356,5853.1645,Salzstock,Salzdiapir,Luege-Liesten
601.7830,5851.2819,Salzstock,Salzdiapir kompressiv ueberpraegt,Bokel
622.0496,5845.6455,Salzstock,Salzdiapir,Waddekath
524.9530,5842.1396,Salzstock,Salzdiapir kompressiv ueberpraegt,Lichtenhorst
672.7730,5844.1266,Salzstock,Salzdiapir,Messdorf
616.5156,5842.3909,Salzstock,Salzdiapir kompressiv ueberpraegt,Wittingen
540.3526,5842.2127,Salzstock,Salzdiapir kompressiv ueberpraegt,Grethem-Buechten
534.4355,5842.8277,Salzstock,Salzdiapir kompressiv ueberpraegt,Eilte
647.4705,5842.4181,Salzstock,Salzdiapir,Apenburg
736.4318,5837.5266,Salzstock,Salzdiapir,Kotzen
712.3586,5840.9584,Salzstock,Salzdiapir,Mahlitz
690.6382,5840.4559,Salzstock,Salzdiapir,Gr. Schwechten
508.9905,5839.5214,Salzstock,tektonische Strukturen,Blenhorst
602.5733,5840.2344,Salzstock,Salzdiapir,Oerrel
663.8895,5840.0571,Salzstock,Salzdiapir kompressiv ueberpraegt,Altmersleben
645.3892,5839.3541,Salzstock,Salzdiapir,Poppau
584.3737,5838.4095,Salzstock,Salzdiapir kompressiv ueberpraegt,Hoefer
777.2789,5837.2194,Salzstock,Salzdiapir,Schoenwalde
640.5402,5834.6560,Salzstock,tektonische Strukturen,Ristedt
670.0639,5834.6581,Salzstock,Salzdiapir kompressiv ueberpraegt,Berkau
612.1455,5831.1495,Salzstock,Salzdiapir kompressiv ueberpraegt,Vorhop
563.5906,5832.5421,Salzstock,Salzdiapir kompressiv ueberpraegt,Wietze-Hambuehren
628.4279,5833.6720,Salzstock,Salzdiapir,Nettgau
545.9424,5830.8366,Salzstock,Salzdiapir kompressiv ueberpraegt,Hope
603.8267,5829.8924,Salzstock,Salzdiapir,Wesendorf
635.3015,5823.9892,Salzstock,tektonische Strukturen,Jahrstedt
581.6412,5824.5646,Salzstock,Salzdiapir kompressiv ueberpraegt,Wienhausen
515.6757,5825.1792,Salzstock,tektonische Strukturen,Schessinghausen
516.8753,5819.8114,Salzstock,tektonische Strukturen,Husum
576.8642,5818.7368,Salzstock,Salzdiapir kompressiv ueberpraegt,Wathlingen-Haenigsen
646.6855,5821.0146,Salzstock,Salzdiapir,Dannefeld
603.2769,5816.4424,Salzstock,Salzdiapir,Gifhorn
695.1770,5818.9970,Salzstock,Salzdiapir kompressiv ueberpraegt,Demker
616.3319,5815.2220,Salzstock,Salzdiapir,Weyhausen
701.2861,5815.6691,Salzstock,Salzdiapir kompressiv ueberpraegt,Grieben
634.5055,5815.9403,Salzstock,Salzdiapir,Breitenrode
723.8293,5813.7076,Salzstock,Salzdiapir,Demsin
706.4702,5812.0787,Salzstock,Salzdiapir kompressiv ueberpraegt,Bergzow
662.0403,5809.4553,Salzstock,Salzdiapir kompressiv ueberpraegt,Zobbenitz
611.4812,5809.7733,Salzstock,Salzdiapir,Calberlah
638.5657,5794.3149,Salzstock,tektonische Strukturen,Allertal
716.3303,5807.3708,Salzstock,Salzdiapir kompressiv ueberpraegt,Muetzel
526.9095,5805.8212,Salzstock,tektonische Strukturen,Bokeloh
751.0740,5805.8019,Salzstock,Salzdiapir kompressiv ueberpraegt,Lehnin
615.5778,5805.5610,Salzstock,Salzdiapir,Ehmen
582.8625,5805.4949,Salzstock,Salzdiapir kompressiv ueberpraegt,Berkhoepen
731.4409,5801.8447,Salzstock,Salzdiapir kompressiv ueberpraegt,Viesen
807.2888,5802.9481,Salzstock,Salzdiapir,Mittenwalde
543.8924,5798.7357,Salzstock,tektonische Strukturen,Benthe
674.8775,5799.9673,Salzstock,Salzdiapir,Colbitz
604.4909,5796.4702,Salzstock,Salzdiapir kompressiv ueberpraegt,Bechtsbuettel
780.5957,5796.0061,Salzstock,Salzdiapir,Blankensee
623.8005,5795.9327,Salzstock,Salzkissen,Beienrode
636.2154,5785.4088,Salzstock,Salzkissen,Offlebener Sattel
558.9798,5785.1510,Salzstock,Salzdiapir kompressiv ueberpraegt,Sarstedt
799.5418,5785.6473,Salzstock,Salzdiapir,Sperenberg
601.9049,5782.3091,Salzstock,tektonische Strukturen,Thiede
612.9255,5777.9785,Salzstock,tektonische Strukturen,Asse
806.3809,5777.4831,Salzstock,Salzdiapir,Paplitz
608.3208,5777.3909,Salzstock,tektonische Strukturen,Neindorf
598.5870,5770.1503,Salzstock,Salzdiapir,Flachstoeckheim
593.0604,5766.7431,Salzstock,tektonische Strukturen,Salzgitter
543.9050,5762.0399,Salzstock,Salzdiapir kompressiv ueberpraegt,Weenzen
608.2187,5757.0843,Salzstock,tektonische Strukturen,Harliberg
679.8989,5746.4976,Salzstock,Salzkissen,Stassfurter Sattel
574.3289,5745.4393,Salzstock,tektonische Strukturen,Harriehausen
668.8138,5737.1650,Salzstock,Salzkissen,Ascherslebener Sattel
576.7482,5739.5551,Salzstock,tektonische Strukturen,Duederode-Oldenrode
308.9441,6084.7650,Salzstock,Salzdiapir,Hiltrud
298.6788,6079.8236,Salzstock,Salzdiapir,Gudrun
293.8842,6069.4432,Salzstock,Doppelsalinar,Gundula
289.5131,6074.6382,Salzstock,Doppelsalinar,Genoveva
280.7487,6066.4204,Salzstock,Doppelsalinar,Gwendolyn
271.8457,6066.3412,Salzstock,Doppelsalinar,Golda
276.9909,6054.8898,Salzstock,Salzdiapir,Gloria
268.5796,6045.9133,Salzstock,Doppelsalinar,Gracia
282.1470,6034.3190,Salzstock,Doppelsalinar,Gina
287.1460,6023.9794,Salzstock,Salzdiapir,Gundi
301.3480,6039.2803,Salzstock,Doppelsalinar,Gerlinde
303.1415,6028.9188,Salzstock,Salzdiapir,Geli
295.2886,6018.8137,Salzstock,Salzdiapir,Greta
315.3268,6018.0408,Salzstock,Salzdiapir kompressiv ueberpraegt,Heidrun
245.1278,6059.6062,Salzstock,Salzdiapir kompressiv ueberpraegt,Gertie
639.7808,5857.2470,Salzstock,tektonische Strukturen,Gr. Gerstedt
250.0995,6106.7400,Salzstock,Salzdiapir kompressiv ueberpraegt,Clara Suedwest
242.2164,6117.6613,Salzstock,Salzdiapir kompressiv ueberpraegt,Barbara Nord
239.3740,6113.9318,Salzstock,Salzdiapir,Barbara Sued
259.9638,6115.8278,Salzstock,Salzdiapir kompressiv ueberpraegt,Claudia
260.6835,6120.3400,Salzstock,Salzdiapir kompressiv ueberpraegt,Charlotte
251.9908,6122.0470,Salzstock,Salzdiapir kompressiv ueberpraegt,Carola
253.7547,6108.0210,Salzstock,Salzdiapir kompressiv ueberpraegt,Clara Nordost
204.5197,6165.2962,Salzstock,Salzdiapir,Berit
204.6071,6149.8098,Salzstock,Salzdiapir kompressiv ueberpraegt,Bettina Ost
201.2705,6162.6929,Salzstock,Salzdiapir,Brigitte
193.3829,6170.9006,Salzstock,Salzdiapir,Beate
189.4049,6171.5593,Salzstock,Salzdiapir,Betsy
244.5135,6132.8553,Salzstock,Salzdiapir kompressiv ueberpraegt,Bruni
231.3527,6119.4569,Salzstock,Salzdiapir kompressiv ueberpraegt,Britta
226.0458,6131.4075,Salzstock,Salzdiapir kompressiv ueberpraegt,Belinda
216.9094,6141.1320,Salzstock,Salzdiapir kompressiv ueberpraegt,Birgit
217.6725,6150.5540,Salzstock,Salzdiapir kompressiv ueberpraegt,Berta
216.1842,6157.2920,Salzstock,Salzdiapir kompressiv ueberpraegt,Bella
211.1384,6175.2201,Salzstock,Salzdiapir,Baerbel
204.2499,6142.4024,Salzstock,Salzdiapir kompressiv ueberpraegt,Bettina Sued
201.4668,6146.2368,Salzstock,Salzdiapir,Bettina West
365.9148,6090.8546,Salzstock,Salzdiapir,Hilde
324.7097,6071.3809,Salzstock,Doppelsalinar,Hedwig
350.1982,6077.0393,Salzstock,Salzdiapir kompressiv ueberpraegt,Helma
501.3187,5938.0701,Salzstock,Doppelsalinar,Armstorf
570.6181,6033.5809,Salzstock,Doppelsalinar,Schwedeneck
548.9877,5989.8089,Salzstock,Doppelsalinar,Meezen
501.7654,5985.0080,Salzstock,Doppelsalinar,Marne
481.4365,6007.3736,Salzstock,Doppelsalinar,Oldenswort Mitte
319.5230,6025.6941,Salzstock,Salzdiapir,Hedda
529.0513,5994.4593,Salzstock,Doppelsalinar,Oldenbuettel Sued
367.8908,5987.2901,Salzstock,Salzdiapir,Laura
582.8885,5958.6095,Salzstock,Doppelsalinar,Suelfeld
449.6771,5984.5420,Salzstock,Doppelsalinar,Feuerschiff Elbe
380.9934,5966.3696,Salzstock,Doppelsalinar,Martha
455.8222,5958.8837,Salzstock,Doppelsalinar,Eversand
374.6282,5930.5973,Salzstock,Salzdiapir,Greetsiel
511.8492,5919.9235,Salzstock,Doppelsalinar,Bevern
469.8185,5953.5524,Salzstock,Doppelsalinar,Spieka
488.5574,5938.0384,Salzstock,Doppelsalinar,Alfstedt
561.1659,5941.4129,Salzstock,Doppelsalinar,Schnelsen
586.2118,5941.8273,Salzstock,Doppelsalinar,Siek
594.6540,5929.1469,Salzstock,Doppelsalinar,Hohenhorn
386.9944,5927.6990,Salzstock,Salzdiapir,Siegelsum
609.7340,5906.5085,Salzstock,Salzdiapir,Rosenthal
626.0489,5902.0644,Salzstock,Salzdiapir,Kl. Kuehren
403.8408,5894.1792,Salzstock,Salzdiapir kompressiv ueberpraegt,Rhaude
542.1711,5896.3261,Salzstock,Salzdiapir kompressiv ueberpraegt,Stemmen
432.9682,5893.1317,Salzstock,Salzdiapir kompressiv ueberpraegt,Zwischenahn
529.5707,5889.5245,Salzstock,Salzdiapir kompressiv ueberpraegt,Scheessel
495.5259,5878.6406,Salzstock,Salzdiapir kompressiv ueberpraegt,Osterholz
594.5445,5874.7776,Salzstock,Salzdiapir kompressiv ueberpraegt,Ebstorf
605.5317,5866.0132,Salzstock,tektonische Strukturen,Niendorf II
560.2205,5851.0800,Salzstock,Salzdiapir kompressiv ueberpraegt,Suedbostel
558.4013,5842.7758,Salzstock,Salzdiapir kompressiv ueberpraegt,Meissendorf
621.3244,5833.8051,Salzstock,Salzdiapir kompressiv ueberpraegt,Schneflingen
590.6971,5780.5621,Salzstock,Salzdiapir kompressiv ueberpraegt,Broistedt
564.5154,5797.0359,Salzstock,tektonische Strukturen,Sehnde
582.7063,5790.7747,Salzstock,tektonische Strukturen,Gr. Ilsede
294.6611,6045.5696,Salzstock,Salzdiapir,Gabi Nord
313.6203,6065.2744,Salzstock,Salzdiapir kompressiv ueberpraegt,Hille
313.6060,6013.7019,Salzstock,Salzdiapir,Henriette
360.2153,5967.6962,Salzstock,Salzdiapir,Liane
658.4745,5878.8467,Salzstock,Salzdiapir,Gorleben
376.5896,6117.9401,Salzstock,Salzdiapir,Erika
371.0718,6103.9140,Salzstock,Salzdiapir,Dina
339.1218,6069.9116,Salzstock,Salzdiapir,Hannelore
322.3415,6088.7943,Salzstock,Salzdiapir,Hermine
324.6456,6057.6309,Salzstock,Salzdiapir,Hanna
316.4469,6044.9737,Salzstock,Salzdiapir,Hedi
306.2907,6058.8241,Salzstock,Salzdiapir,Gesa
301.1283,6050.6899,Salzstock,Doppelsalinar,Gilda
293.2319,6033.8198,Salzstock,Doppelsalinar,Gabi Sued
326.8822,6005.6764,Salzstock,Salzdiapir,Hasi
309.0929,6030.9813,Salzstock,Salzdiapir,Heidi
375.1935,6013.8450,Salzstock,Salzdiapir,Julia
375.8654,6004.2521,Salzstock,Salzdiapir,Jasmin
373.6880,5995.6811,Salzstock,Salzdiapir,Laura Nord
337.7798,6003.6792,Salzstock,Salzdiapir,Herta
345.5565,5993.3782,Salzstock,Salzdiapir,Halla
352.4130,5980.3482,Salzstock,Salzkissen,Lollo
346.7255,5962.0265,Salzstock,Salzdiapir,Lisa
350.5254,5946.5945,Salzstock,Salzdiapir,Borkum
354.1534,5938.5139,Salzstock,Salzdiapir,Randzelgat
351.7726,5931.9124,Salzstock,Salzdiapir,Moewensteert
361.1606,5927.8950,Salzstock,Salzdiapir,Emshoern
363.3440,5940.8929,Salzstock,Salzdiapir,Memmert Sand
361.0326,5957.8669,Salzstock,Salzdiapir,Juist Nord
362.5335,5972.6599,Salzstock,Salzdiapir,Linda
384.9082,5988.0075,Salzstock,Doppelsalinar,Manuela Nord
380.2038,5977.6354,Salzstock,Doppelsalinar,Manuela
380.5008,5953.8867,Salzstock,Doppelsalinar,Norderney
372.1540,5965.0237,Salzstock,Doppelsalinar,Maria
374.2616,5947.8157,Salzstock,Salzdiapir,Mole Norddeich
373.0742,5936.5328,Salzstock,Salzdiapir,Leybucht
369.9222,5921.4137,Salzstock,Salzdiapir,Groothusen
388.4575,5921.0966,Salzstock,NA,Bedekaspel
381.7656,5909.7882,Salzstock,Salzdiapir,Emden Sued
381.7141,5901.9566,Salzstock,Salzdiapir kompressiv ueberpraegt,Landschaftspolder
386.6007,5893.2707,Salzstock,Salzdiapir kompressiv ueberpraegt,Bunde
391.8072,5900.3239,Salzstock,Salzdiapir kompressiv ueberpraegt,Jemgum
398.6619,5900.9778,Salzstock,Salzdiapir kompressiv ueberpraegt,Leer
408.3644,5884.3412,Salzstock,Salzdiapir kompressiv ueberpraegt,Scharrel
423.6530,5885.1969,Salzstock,Salzdiapir kompressiv ueberpraegt,Kamperfehn
440.1719,5975.1315,Salzstock,Doppelsalinar,Roter Sand
457.8194,5972.9893,Salzstock,Doppelsalinar,Scharhoern
447.6000,5945.8849,Salzstock,Doppelsalinar,Mellum
475.2834,5967.2211,Salzstock,Doppelsalinar,Cuxhaven
503.6123,6032.5060,Salzstock,Doppelsalinar,Mildstedt
493.9783,6021.9710,Salzstock,Doppelsalinar,Oldenswort Nord
470.5060,5992.1346,Salzstock,Doppelsalinar,Oldenswort Sued
517.9120,6029.5506,Salzstock,Doppelsalinar,Suederstapel
511.4123,6019.7705,Salzstock,Doppelsalinar,Hennstedt
506.8102,6009.6939,Salzstock,Doppelsalinar,Heide
505.0680,5998.8165,Salzstock,Doppelsalinar,Meldorf
529.1119,6067.2777,Salzstock,Salzdiapir,Flensburg
528.2718,6048.5069,Salzstock,Salzdiapir,Sieverstedt
528.7786,6027.9771,Salzstock,Doppelsalinar,Grevenhorst
524.1502,6016.9633,Salzstock,Doppelsalinar,Pahlhude
521.0967,6007.6297,Salzstock,Doppelsalinar,Tellingstedt
515.4148,5989.2768,Salzstock,Doppelsalinar,Suederhastedt
508.5601,5974.1395,Salzstock,Doppelsalinar,Belmhusen
500.1617,5961.5036,Salzstock,Doppelsalinar,Osterbruch
494.6646,5949.8482,Salzstock,Doppelsalinar,Odisheim
500.4666,5923.0433,Salzstock,Doppelsalinar,Basdahl
485.6419,5962.9051,Salzstock,Doppelsalinar,Altenbruch
481.8313,5949.4330,Salzstock,Doppelsalinar,Westerwanna
489.4448,5925.8360,Salzstock,Doppelsalinar,Beverstedt
537.2084,5970.6659,Salzstock,Doppelsalinar,Laegerdorf
527.7789,5965.2741,Salzstock,Doppelsalinar,Krempe
518.9402,5958.1580,Salzstock,Doppelsalinar,Hamelwoerden
514.2397,5948.0430,Salzstock,Doppelsalinar,Krautsand
515.8385,5935.4604,Salzstock,Doppelsalinar,Oldendorf I
560.6121,5952.5329,Salzstock,Doppelsalinar,Quickborn
559.2016,5934.0121,Salzstock,Doppelsalinar,Langenfelde
536.6341,6017.8846,Salzstock,Doppelsalinar,Foehrden
534.9153,6010.3699,Salzstock,Doppelsalinar,Hamdorf
531.1102,6003.5021,Salzstock,Doppelsalinar,Oldenbuettel
547.5560,6033.9396,Salzstock,Doppelsalinar,Osterby
559.5257,6024.1792,Salzstock,Doppelsalinar,Schinkel
559.4672,6015.0417,Salzstock,Doppelsalinar,Westensee
556.5480,6005.4315,Salzstock,Doppelsalinar,Eisendorf
553.5246,5996.4138,Salzstock,Doppelsalinar,Gnutz
541.2790,5984.7606,Salzstock,Doppelsalinar,Peissen
552.9597,5971.9920,Salzstock,Doppelsalinar,Moenkloh
561.1470,5978.6627,Salzstock,Doppelsalinar,Bramstedt
569.7514,5988.9690,Salzstock,Doppelsalinar,Boostedt
575.1876,6001.6335,Salzstock,Doppelsalinar,Warnau
576.8507,6015.8751,Salzstock,Doppelsalinar,Honigsee
566.5472,6044.4783,Salzstock,Doppelsalinar,Waabs
566.8697,6051.6265,Salzstock,Doppelsalinar,Waabs Nord
588.8857,5981.8505,Salzstock,Doppelsalinar,Segeberg
586.8478,5935.9019,Salzstock,Doppelsalinar,Witzhave
588.3618,5923.0004,Salzstock,Doppelsalinar,Geesthacht
620.2973,5913.3886,Salzstock,Salzdiapir,Guelze-Sumte
602.5655,5914.0804,Salzstock,Salzdiapir,Juliusburg
617.7991,5899.8001,Salzstock,Salzdiapir,Koestorf
588.4560,5882.1683,Salzstock,Salzdiapir kompressiv ueberpraegt,Wettenbostel
553.2130,5894.7423,Salzstock,Salzdiapir kompressiv ueberpraegt,Otter-Todtshorn
539.4721,5888.6163,Salzstock,Salzdiapir kompressiv ueberpraegt,Ostervesede
517.3423,5890.6965,Salzstock,Salzdiapir kompressiv ueberpraegt,Taaken
505.1000,5886.0661,Salzstock,Salzdiapir kompressiv ueberpraegt,Quelkhorn
496.8757,5864.2944,Salzstock,Salzdiapir kompressiv ueberpraegt,Emtinghausen
500.0818,5870.0641,Salzstock,Salzdiapir kompressiv ueberpraegt,Thedinghausen
485.2465,5878.0744,Salzstock,Salzdiapir kompressiv ueberpraegt,Arsten
503.1328,5879.9139,Salzstock,Salzdiapir kompressiv ueberpraegt,Schaphusen
582.2811,5852.1980,Salzstock,Salzdiapir kompressiv ueberpraegt,Weesen-Lutterloh
576.9569,5854.1078,Salzstock,Salzdiapir kompressiv ueberpraegt,Beckedorf
568.5240,5850.1147,Salzstock,Salzdiapir kompressiv ueberpraegt,Suelze
548.9757,5852.4683,Salzstock,Salzdiapir kompressiv ueberpraegt,Boestlingen
567.0881,5839.0986,Salzstock,Salzdiapir kompressiv ueberpraegt,Wolthausen
614.7995,5855.3350,Salzstock,Salzdiapir kompressiv ueberpraegt,Bodenteich
609.5554,5859.3534,Salzstock,Salzdiapir kompressiv ueberpraegt,Wieren
619.5111,5827.4737,Salzstock,Salzdiapir kompressiv ueberpraegt,Ehra
670.1921,5888.2641,Salzstock,Salzdiapir,Rambow
566.2963,5805.1184,Salzstock,Salzdiapir kompressiv ueberpraegt,Lehrte
597.2421,5803.9945,Salzstock,Salzdiapir kompressiv ueberpraegt,Rolfsbuettel
594.9931,5797.4655,Salzstock,Salzdiapir kompressiv ueberpraegt,Wendeburg
594.1982,5787.0125,Salzstock,tektonische Strukturen,Vechelde
579.2027,5786.8957,Salzstock,tektonische Strukturen,Moelme
265.2029,6063.9396,Salzstock,Doppelsalinar,Galina
652.8069,5739.1108,Salzstock,tektonische Strukturen,Quedlinburger Sattel
410.6730,5831.3936,Salzkissen,Keine Zuordnung,Bippen
392.2910,5821.6147,Salzkissen,Keine Zuordnung,Baccum
371.4143,5822.9001,Salzkissen,Keine Zuordnung,Georgsdorf-Wietmarschen
456.0984,5820.7058,Salzkissen,Keine Zuordnung,Lembruch
382.6171,5816.7960,Salzkissen,Keine Zuordnung,Lohne
427.2661,5823.7388,Salzkissen,Keine Zuordnung,Bersenbrueck
399.3020,5834.8338,Salzkissen,Keine Zuordnung,Herzlake
440.1813,5817.5711,Salzkissen,Keine Zuordnung,Damme
567.2920,5911.4764,Salzkissen,Keine Zuordnung,Ramelsloh
536.2039,5973.8760,Salzkissen,Keine Zuordnung,Itzehoe
555.4845,5979.1614,Salzkissen,Keine Zuordnung,Hardebek
536.3150,5960.4344,Salzkissen,Keine Zuordnung,Glueckstadt
566.7291,5904.1300,Salzkissen,Keine Zuordnung,Asendorf
570.6602,5972.3242,Salzkissen,Keine Zuordnung,Struvenhuetten
530.2696,5979.9542,Salzkissen,Keine Zuordnung,Ottenbuettel
525.3355,6005.3085,Salzkissen,Keine Zuordnung,Wrohm
548.3225,6016.8968,Salzkissen,Keine Zuordnung,Rendsburg
536.8619,6035.6848,Salzkissen,Keine Zuordnung,Haithabu
552.0169,6054.5515,Salzkissen,Keine Zuordnung,Suederbrarup
537.5563,6063.8900,Salzkissen,Keine Zuordnung,Ausacker
477.6055,5969.7817,Salzkissen,Keine Zuordnung,Sahlenburg
510.0453,5945.0647,Salzkissen,Keine Zuordnung,Hemmoor
573.1798,5911.8208,Salzkissen,NA,
537.3691,6079.8012,Salzkissen,Keine Zuordnung,Holnis
524.8252,5954.1826,Salzkissen,Keine Zuordnung,Elbe
564.6351,6024.2384,Salzkissen,Keine Zuordnung,Tuettendorf
567.4513,6003.8864,Salzkissen,Keine Zuordnung,Bordesholm
543.0807,5998.8209,Salzkissen,Keine Zuordnung,Remmels
548.1369,6007.0475,Salzkissen,Keine Zuordnung,Brammer
527.5752,6012.4476,Salzkissen,Keine Zuordnung,Friedrichsgraben
523.3598,5997.9741,Salzkissen,Keine Zuordnung,Aalhoop
495.7158,5983.0880,Salzkissen,Keine Zuordnung,Spitzsand
512.9633,5964.7961,Salzkissen,Keine Zuordnung,Krummendeich
521.3300,5973.0133,Salzkissen,Keine Zuordnung,Wilster
324.8304,6122.7468,Salzkissen,tektonische Strukturen,Denise
331.0233,6117.7759,Salzkissen,Salzkissen,Dagmar
385.4058,6110.9754,Salzkissen,Salzkissen,Elisa
422.3237,6101.1854,Salzkissen,Salzkissen,Emma
440.4017,6101.2771,Salzkissen,Salzkissen,Fiona
442.6713,6089.4977,Salzkissen,Salzkissen,Kora
429.1614,6080.5305,Salzkissen,Salzkissen,Jorinde
372.7723,6071.0187,Salzkissen,Salzkissen,Jutta
509.4561,6078.2751,Salzkissen,Salzkissen,Boexlund
490.2232,6075.0827,Salzkissen,Salzkissen,Braderup
550.2181,6072.7986,Salzkissen,Salzkissen,Kalleby
464.2403,6074.1654,Salzkissen,Salzkissen,Hoernum Tief
524.1760,6074.0121,Salzkissen,Salzkissen,Niehuus
564.3714,6070.6491,Salzkissen,Salzkissen,Bredgrund
420.0397,6069.1281,Salzkissen,Salzkissen,Juno
514.1157,6044.6960,Salzkissen,Salzkissen,Joldelund
456.0686,6068.2924,Salzkissen,Salzkissen,Hoernum
500.6845,6069.1998,Salzkissen,Salzkissen,Achtrup
438.3902,6068.2768,Salzkissen,Salzkissen,Katja
397.3900,6054.1657,Salzkissen,Salzkissen,Jaqueline
354.3455,6054.9211,Salzkissen,Salzkissen,Helen
506.7370,6057.2058,Salzkissen,Salzkissen,Goldelund
490.8311,6056.0446,Salzkissen,Salzkissen,Bredstedt
424.6107,6047.7524,Salzkissen,Salzkissen,Jenni
465.8190,6056.5617,Salzkissen,Salzkissen,Schweinsruecken
584.5726,6045.7373,Salzkissen,Salzkissen,Gabelsflach
436.8231,6053.0052,Salzkissen,Salzkissen,Karina
456.8482,6055.5812,Salzkissen,Salzkissen,Amrum
646.6252,6046.0313,Salzkissen,Salzkissen,Fehrmarnbelt
447.0236,6043.4469,Salzkissen,Salzkissen,Kathi
365.3840,6041.6210,Salzkissen,Salzkissen,Hella
625.2817,6051.7996,Salzkissen,Salzkissen,Vinsgrav
624.4349,6040.6621,Salzkissen,Salzkissen,Flueggesand
406.6636,6040.0456,Salzkissen,Salzkissen,Jessica
353.6377,6037.7481,Salzkissen,Salzkissen,Hedwiga
726.2931,6039.2103,Salzkissen,tektonische Strukturen,Prerow
742.5627,6039.2565,Salzkissen,Salzkissen,Zingst
468.5503,6033.9830,Salzkissen,Salzkissen,Suederoog
335.2439,6030.9771,Salzkissen,Salzkissen,Hilda Nord
377.2195,6028.6389,Salzkissen,Salzkissen,Janina
452.3890,6029.7389,Salzkissen,Salzkissen,Karla
750.7239,6025.6173,Salzkissen,Salzkissen,Gr. Kordshagen
646.3677,6025.2798,Salzkissen,Salzkissen,Fehmarnsund Ost
356.5413,6021.8514,Salzkissen,Salzkissen,Henni Nord
426.6784,6007.4586,Salzkissen,Salzkissen,Helgoland
765.3169,6017.8976,Salzkissen,tektonische Strukturen,Reinkenhagen Nord
770.4157,6012.8176,Salzkissen,tektonische Strukturen,Reinkenhagen
629.1720,6007.4643,Salzkissen,Salzkissen,Cismar
763.0105,6008.8558,Salzkissen,Salzkissen,Grimmen
691.1872,5999.9339,Salzkissen,Salzkissen,Bad Doberan
808.8462,5998.8101,Salzkissen,Salzkissen,Hohendorf
740.1976,5964.8718,Salzkissen,Salzkissen,Malchin
789.0385,5994.4581,Salzkissen,Salzkissen,Behrenhoff
354.0105,5994.1975,Salzkissen,Salzkissen,Hulda
667.7888,5988.2464,Salzkissen,Salzkissen,Kroepelin
426.8897,5984.7488,Salzkissen,Salzkissen,Jane
317.1292,5982.5501,Salzkissen,Salzkissen,Lea
618.7987,5982.1559,Salzkissen,Salzkissen,Travemuende
705.4602,5977.0803,Salzkissen,Salzkissen,Karow
757.5568,5982.5094,Salzkissen,Salzkissen,Demmin
644.0587,5963.2258,Salzkissen,Salzkissen,Rehna-Rueting
606.4001,5951.2848,Salzkissen,Salzkissen,Nusse
829.8583,5965.8394,Salzkissen,Salzkissen,Ueckermuende West
766.1666,5961.9196,Salzkissen,Salzkissen,Tuetzpatz
842.9267,5962.5899,Salzkissen,Salzkissen,Ueckermuende Ost
790.6798,5955.3870,Salzkissen,Salzkissen,Brunn
712.6433,5949.7835,Salzkissen,Salzkissen,Krakow
649.5441,5945.7076,Salzkissen,Salzkissen,Gr. Welzin
741.5070,5944.3987,Salzkissen,Salzkissen,Hinrichshagen
824.8606,5944.9406,Salzkissen,Salzkissen,Gr. Spiegelberg
762.4247,5945.8962,Salzkissen,Salzkissen,Tarnow
681.9817,5931.7321,Salzkissen,Salzkissen,Schlieven
805.5959,5940.3308,Salzkissen,Salzkissen,Helpt
847.0421,5937.9449,Salzkissen,Salzkissen,Loecknitz
787.5447,5933.5947,Salzkissen,Salzkissen,Burg Stargard
633.1352,5928.3022,Salzkissen,Salzkissen,Camin
768.7935,5927.3805,Salzkissen,Salzkissen,Brustorf
730.4039,5930.4577,Salzkissen,Salzkissen,Malchow
703.8874,5919.8876,Salzkissen,Salzkissen,Marnitz
800.0794,5923.4935,Salzkissen,Salzkissen,Fuerstenwerder
788.8775,5915.7101,Salzkissen,Salzkissen,Triepkendorf
859.8912,5914.1782,Salzkissen,Salzkissen,Gartz
472.8090,5913.1185,Salzkissen,Salzkissen,Kassebruch
492.0413,5916.8422,Salzkissen,Salzkissen,Ahe
376.1486,5915.8880,Salzkissen,Salzkissen,Larrelt
835.4692,5911.7940,Salzkissen,Salzkissen,Gramzow
433.5829,5909.8652,Salzkissen,Salzkissen,Grabstede
460.3408,5907.3069,Salzkissen,Salzkissen,Oldenbrok
418.3057,5907.8705,Salzkissen,Salzkissen,Remels
524.4421,5910.5727,Salzkissen,Salzkissen,Boitzen
650.8480,5911.5056,Salzkissen,Salzkissen,Gr. Krams
539.0054,5907.5428,Salzkissen,Salzkissen,Kallmoor
491.2494,5908.3169,Salzkissen,Salzkissen,Wallhoefen
781.4645,5901.1776,Salzkissen,Salzkissen,Himmelpfort
481.0707,5895.4110,Salzkissen,Salzkissen,Garlstedt
856.7314,5897.4427,Salzkissen,Salzkissen,Schwedt
838.8686,5891.3555,Salzkissen,Salzkissen,Angermuende
636.0941,5874.9626,Salzkissen,Salzkissen,Drawehn
818.8451,5876.8178,Salzkissen,Salzkissen,Joachimsthal
602.7309,5882.1186,Salzkissen,Salzkissen,Seedorf
684.5050,5884.1594,Salzkissen,Salzkissen,Karstaedt
512.0387,5884.3237,Salzkissen,Salzkissen,Ottersberg
531.4895,5875.0409,Salzkissen,Salzkissen,Luedingen
393.9892,5876.4233,Salzkissen,tektonische Strukturen,Wildes Moor
447.2329,5871.7031,Salzkissen,Salzkissen,Hengstlage
840.9563,5871.6609,Salzkissen,Salzkissen,Oderberg
488.5123,5869.8188,Salzkissen,tektonische Strukturen,Barrien
469.9060,5868.2228,Salzkissen,Salzkissen,Hengsterholz
429.6770,5862.5522,Salzkissen,Salzkissen,Garrel
825.9861,5865.2521,Salzkissen,Salzkissen,Eberswalde
486.2948,5859.7910,Salzkissen,tektonische Strukturen,Bassum
803.3569,5858.4439,Salzkissen,Salzkissen,Prenden
843.4431,5857.7454,Salzkissen,tektonische Strukturen,Bad Freienwalde
372.4018,5856.2321,Salzkissen,tektonische Strukturen,Ruetenbrock
721.6783,5852.4123,Salzkissen,Salzkissen,Rhinow
768.1525,5850.3566,Salzkissen,Salzkissen,Flatow
401.3279,5851.3772,Salzkissen,tektonische Strukturen,Ostenwalde
486.4344,5847.5713,Salzkissen,tektonische Strukturen,Scholen
853.2341,5847.8957,Salzkissen,Salzkissen,Neutrebbin
816.2810,5849.1987,Salzkissen,Salzkissen,Bernau
552.2531,5843.7478,Salzkissen,tektonische Strukturen,Ostenholz
393.0993,5845.4919,Salzkissen,Salzkissen,Apeldorn
574.6336,5845.5747,Salzkissen,Salzkissen,Rehwinkel
641.7562,5846.0973,Salzkissen,Salzkissen,Gischau
792.3148,5843.2004,Salzkissen,Salzkissen,Schoenfliess
806.1542,5839.2690,Salzkissen,Salzkissen,Schwanebeck
727.2970,5787.5526,Salzkissen,tektonische Strukturen,Goerzke
840.0864,5835.0057,Salzkissen,tektonische Strukturen,Buckow
532.5591,5833.1724,Salzkissen,tektonische Strukturen,Stoeckendrebber
575.8348,5834.4157,Salzkissen,tektonische Strukturen,Oppershausen
787.9922,5826.5058,Salzkissen,Salzkissen,Spandau
877.8377,5829.2379,Salzkissen,Salzkissen,Podelzig
750.7239,5820.1895,Salzkissen,Salzkissen,Roskow
625.4819,5823.1100,Salzkissen,tektonische Strukturen,Tuelau
856.8371,5819.4887,Salzkissen,Salzkissen,Heinersdorf
529.6129,5820.4472,Salzkissen,Salzkissen,Neustadt
561.4100,5818.8213,Salzkissen,Salzkissen,Thoense
784.1294,5814.8865,Salzkissen,Salzkissen,Dreilinden
545.4173,5813.7032,Salzkissen,tektonische Strukturen,Engelbostel
846.8754,5811.4980,Salzkissen,tektonische Strukturen,Fuerstenwalde
835.4960,5809.2608,Salzkissen,Salzkissen,Spreenhagen
833.3392,5787.4482,Salzkissen,Salzkissen,Schwerin
535.2193,5808.1553,Salzkissen,Salzkissen,Schloss Ricklingen
624.1304,5800.8352,Salzkissen,Salzkissen,Heiligendorf
698.9175,5796.8280,Salzkissen,tektonische Strukturen,Brehm
854.3693,5795.7275,Salzkissen,Salzkissen,Birkholz
744.2276,5793.4743,Salzkissen,Salzkissen,Golzow
627.8284,5793.9589,Salzkissen,Salzkissen,Dorm
863.4920,5799.4694,Salzkissen,tektonische Strukturen,Merz
706.2657,5793.4640,Salzkissen,tektonische Strukturen,Theessen
368.7355,5791.2053,Salzkissen,Salzkissen,Gildehaus-Sued
767.6028,5787.9303,Salzkissen,Salzkissen,Buchholz
624.3574,5783.9234,Salzkissen,Salzkissen,Elm
702.2686,5785.5822,Salzkissen,tektonische Strukturen,Hohenziatz
851.1490,5782.5058,Salzkissen,Salzkissen,Mittweide
361.1077,5782.3876,Salzkissen,Salzkissen,Gronau-Epe
550.6054,5770.1511,Salzkissen,tektonische Strukturen,Marienburg
629.2486,5771.5150,Salzkissen,tektonische Strukturen,Jerxheim
842.9701,5769.1198,Salzkissen,tektonische Strukturen,Neu Zauche
854.5622,5762.9052,Salzkissen,tektonische Strukturen,Straupitz
824.9805,5775.2932,Salzkissen,tektonische Strukturen,Staakow Nord
777.8859,5770.9624,Salzkissen,Salzkissen,Jaenickendorf
617.6451,5765.3666,Salzkissen,Salzkissen,Gr. Fallstein
866.0182,5758.9150,Salzkissen,tektonische Strukturen,Dissen
636.5939,5759.4178,Salzkissen,Salzkissen,Huywald
576.8913,5755.1700,Salzkissen,tektonische Strukturen,Rhuedener Sattel
562.7205,5753.3981,Salzkissen,tektonische Strukturen,Leinetal Sattel
596.9974,5756.9982,Salzkissen,Salzkissen,Jerstedt
566.6122,5739.6440,Salzkissen,Salzkissen,Ahlshausen
540.5429,5735.9833,Salzkissen,Salzkissen,Silberborn
550.3744,5725.6638,Salzkissen,Salzkissen,Volpriehausen
285.0219,6063.1214,Salzkissen,Salzkissen,Gisela
289.4253,6056.3977,Salzkissen,Salzkissen,Gitta
313.7493,5998.4119,Salzkissen,Salzkissen,Lea Nord
312.9934,6094.9114,Salzkissen,tektonische Strukturen,Dorle
316.5267,6107.6427,Salzkissen,Salzkissen,Dora
329.0522,5964.6802,Salzkissen,Salzkissen,Lilli
806.9294,5969.8284,Salzkissen,tektonische Strukturen,Dargibell
748.3488,5925.6693,Salzkissen,Salzkissen,Boek
718.8730,6023.6302,Salzkissen,Salzkissen,Wustrow II
823.6104,5920.9830,Salzkissen,Salzkissen,Prenzlau
660.0746,6029.6562,Salzkissen,Salzkissen,Staberhuk Ost
674.9091,6010.7397,Salzkissen,Salzkissen,Trollegrund Nord
560.9986,5794.0167,Salzkissen,tektonische Strukturen,Schieferkaute
824.2776,5824.7708,Salzkissen,Salzkissen,Ruedersdorf
645.7400,5995.1728,Salzkissen,Salzkissen,Boltenhagen Nord
657.0858,5817.4119,Salzkissen,Salzkissen,Jerchel
841.6568,5983.7200,Salzkissen,Salzkissen,Mellenthin
824.3641,5987.2193,Salzkissen,tektonische Strukturen,Luetow
761.1220,6031.5493,Salzkissen,tektonische Strukturen,Preetz
779.8581,6008.6652,Salzkissen,tektonische Strukturen,Mesekenhagen
729.1555,6024.4148,Salzkissen,tektonische Strukturen,Hermannshagen
878.8012,5744.5006,Salzkissen,tektonische Strukturen,Kathlow
336.3733,6018.9143,Salzkissen,Salzkissen,Hilda Sued
349.9037,6012.5021,Salzkissen,Salzkissen,Henni
308.7019,5997.0163,Salzkissen,Salzkissen,Gesche Suedost
324.2906,5996.7436,Salzkissen,Salzkissen,Leila Nord
329.7988,5985.3652,Salzkissen,Salzkissen,Leila
336.8884,5942.2376,Salzkissen,Salzkissen,Westerems
544.3485,5848.1032,Salzkissen,tektonische Strukturen,Hodenhagen
526.6838,5882.3557,Salzkissen,Salzkissen,Rotenburg
549.6580,5858.3824,Salzkissen,tektonische Strukturen,Fallingbostel
563.0987,5862.7741,Salzkissen,tektonische Strukturen,Suroide
412.6137,6016.1959,Salzkissen,Salzkissen,Judith
815.3814,5791.8348,Salzkissen,tektonische Strukturen,Gr. Koeris
591.5835,5985.7932,Salzkissen,Salzkissen,Ploen
725.1023,5888.6641,Salzkissen,Salzkissen,Koenigsberg
779.6799,5885.8005,Salzkissen,Salzkissen,Gransee
704.4842,5826.3893,Salzkissen,Salzkissen,Kabelitz
595.5023,5838.2759,Salzkissen,Salzkissen,Eldingen
521.1055,5817.0578,Salzkissen,tektonische Strukturen,Steinhuder Meer
656.6030,5752.4925,Salzkissen,Salzkissen,Hakel
462.9890,6013.3011,Salzkissen,Salzkissen,Rochelsteert
480.6016,6046.8832,Salzkissen,Salzkissen,Hooge
480.7650,6031.1970,Salzkissen,Salzkissen,Westerhever
500.9438,6036.7637,Salzkissen,Salzkissen,Nordstrand
515.1963,6065.9188,Salzkissen,Salzkissen,Rodau
467.2745,6068.2350,Salzkissen,Salzkissen,Foehr
384.9109,6016.0081,Salzkissen,Salzkissen,Jolanda
584.2088,6054.6678,Salzkissen,Salzkissen,Kieler Bucht
635.3753,6038.5159,Salzkissen,Salzkissen,Fehmarn
597.1065,6025.4901,Salzkissen,Salzkissen,Schoenberg
610.1237,6024.0503,Salzkissen,Salzkissen,Eitzgrund
607.0282,5967.3342,Salzkissen,Salzkissen,Eckhorst
615.8645,5935.5594,Salzkissen,Salzkissen,Gudow
687.7195,5951.2225,Salzkissen,Salzkissen,Sternberg
713.5618,5994.4915,Salzkissen,Salzkissen,Fresendorf
724.6235,5985.9405,Salzkissen,Salzkissen,Goritz
668.7113,5943.9422,Salzkissen,Salzkissen,Pinnow
773.9621,5941.5075,Salzkissen,Salzkissen,Wulkenzien
819.4630,5900.4772,Salzkissen,Salzkissen,Flieth
805.4417,5907.8931,Salzkissen,Salzkissen,Klaushagen
760.8017,5825.9182,Salzkissen,Salzkissen,Ketzin
826.3948,5883.2649,Salzkissen,Salzkissen,Wolletz
809.0858,5872.8107,Salzkissen,Salzkissen,Gr. Schoenebeck
763.5401,5778.9458,Salzkissen,Salzkissen,Treuenbrietzen
841.1102,5775.2923,Salzkissen,tektonische Strukturen,Groeditsch
833.2179,5776.0198,Salzkissen,tektonische Strukturen,Schlepzig
824.6192,5804.2379,Salzkissen,Salzkissen,Friedersdorf
585.3787,5758.6712,Salzkissen,tektonische Strukturen,Lutter Sattel
565.4944,5771.0990,Salzkissen,tektonische Strukturen,Hildesheimer Wald
561.7408,5778.2713,Salzkissen,tektonische Strukturen,Giesen
731.8855,5772.7526,Salzkissen,tektonische Strukturen,Setzsteig
717.9822,5778.3808,Salzkissen,tektonische Strukturen,Reuden
660.1923,5833.8276,Salzkissen,tektonische Strukturen,Kakerbeck
674.5865,5820.9589,Salzkissen,tektonische Strukturen,Holtendorf
691.5260,5810.7484,Salzkissen,tektonische Strukturen,Mahlpfuhl
703.6423,5802.2637,Salzkissen,tektonische Strukturen,Zerben
716.9931,5795.7206,Salzkissen,tektonische Strukturen,Wuelpen
742.2321,5782.9137,Salzkissen,tektonische Strukturen,Belzig
303.9703,6014.1130,Salzkissen,Salzkissen,Gesche
536.0560,5855.4636,Salzkissen,tektonische Strukturen,Schneeheide
576.0589,5878.6727,Salzkissen,tektonische Strukturen,Raubkammer
552.3578,5883.1030,Salzkissen,Salzkissen,Schneverdingen
546.5600,5933.3253,Salzkissen,Salzkissen,Hahnoefersand
570.0432,6059.5052,Salzkissen,Salzkissen,Schleimuende
538.6344,5848.0086,Salzkissen,tektonische Strukturen,Ahrensheide
380.3595,5873.4293,Salzstock,Salzdiapir kompressiv ueberpraegt,Boertange
378.9093,5889.1846,Salzkissen,Salzkissen,Rheder Moor
363.8696,5915.7405,Salzstock,Salzdiapir,Paapsand
243.9536,6094.1802,Salzstock,Salzdiapir kompressiv ueberpraegt,Gerda
215.5379,6170.4769,Salzstock,Salzdiapir,Bea
256.6364,6128.8536,Salzstock,Salzdiapir,Carmen
692.0465,5704.5611,Salzkissen,Salzkissen,Teutschenthal
670.8879,5756.1199,Salzstock,NA,Engelner Sattl
